epoch,loss,ce_bf,ce_df,cons_loss,auc_bf,auc_df,val_patient_auc_bf,val_patient_auc_df,val_patient_auc_mean
1,1.5461926236748695,0.7629688084125519,0.7651153430342674,0.18108503023783365,0.623015873015873,0.5833333333333334,0.3148148148148148,0.5,0.40740740740740744
2,1.430024820069472,0.6285284434755644,0.7843337009350458,0.17162680129210153,0.7738095238095238,0.42857142857142855,0.2777777777777778,0.48148148148148145,0.37962962962962965
