epoch,train_loss,train_auc,val_loss,val_pair_auc,val_patient_auc_max,val_patient_auc_mean
1,0.7263408074971118,0.5524511864723468,0.7214857008114502,0.5871274156567311,0.5936147186147186,0.5735930735930735
2,0.7040262077368942,0.5744892874937718,0.7034828235432278,0.6301998034719948,0.6266233766233766,0.6266233766233766
3,0.704867679776709,0.5678796088689586,0.7016748635593905,0.6315099901735998,0.5995670995670995,0.6141774891774892
4,0.7019565182573655,0.5766652653213752,0.7128370934214432,0.6582050442188012,0.6239177489177489,0.5995670995670995
5,0.7038803064745236,0.5770194942700548,0.7032207996108846,0.6280707500818866,0.6114718614718615,0.604978354978355
6,0.696539342013839,0.596361951918286,0.7036555439507196,0.6146413363904356,0.5822510822510822,0.591991341991342
