epoch,loss,auc,val_pair_auc,val_patient_auc_max
1,1.0844235271215439,0.15848214285714285,0.24107142857142858,0.23958333333333334
2,1.0468445345759392,0.6138392857142857,0.125,0.11458333333333333
