class,n,mean,std,min,p05,p25,median,p75,p95,max,value_range,fraction_within_0p001_of_0p5,fraction_within_0p005_of_0p5,fraction_within_0p01_of_0p5,fraction_within_0p02_of_0p5,fraction_within_0p05_of_0p5,fraction_predicted_positive_at_0p5
0,264,0.5022075126568476,0.0007101504055907003,0.5009130835533142,0.5014100968837738,0.5017217546701431,0.5020346939563751,0.5025917887687683,0.5034095078706742,0.5057063698768616,0.004793286323547363,0.003787878787878788,0.9886363636363636,1.0,1.0,1.0,1.0
1,63,0.5024061628750393,0.0008651672199544838,0.5013511180877686,0.5013977944850921,0.5017383694648743,0.5022268891334534,0.5028239786624908,0.5040644526481628,0.5051801800727844,0.003829061985015869,0.0,0.9682539682539683,1.0,1.0,1.0,1.0
