epoch,ssl_loss,train_mean_alignment,val_mean_alignment,val_median_alignment,val_std_alignment,lr
1,4.579959233601888,0.5682636797428131,0.977264367043972,0.975139856338501,0.00835256914464485,0.00015149999999999997
2,3.0618019104003906,0.7020336588223776,0.9434673823416233,0.9367010295391083,0.020936264108669615,2.9999999999999997e-06
