{
  "n_pairs": 320,
  "mean_alignment": 0.5433255134150385,
  "std_alignment": 0.08373053493938898,
  "median_alignment": 0.5108665227890015,
  "min_alignment": 0.37840786576271057,
  "max_alignment": 0.8138378858566284
}