{
  "n_pairs": 48,
  "mean_alignment": 0.7356364342073599,
  "std_alignment": 0.08318394695133384,
  "median_alignment": 0.7138141691684723,
  "min_alignment": 0.6040369868278503,
  "max_alignment": 0.9342988729476929
}